,name,time
0,粥大福-大安臥龍店,"{datetime.datetime(2026, 3, 22, 0, 0): [(datetime.datetime(2026, 3, 22, 11, 0), datetime.datetime(2026, 3, 22, 22, 0))], datetime.datetime(2026, 3, 23, 0, 0): [(datetime.datetime(2026, 3, 23, 11, 0), datetime.datetime(2026, 3, 23, 22, 0))], datetime.datetime(2026, 3, 24, 0, 0): [(datetime.datetime(2026, 3, 24, 11, 0), datetime.datetime(2026, 3, 24, 22, 0))], datetime.datetime(2026, 3, 25, 0, 0): [(datetime.datetime(2026, 3, 25, 11, 0), datetime.datetime(2026, 3, 25, 22, 0))], datetime.datetime(2026, 3, 19, 0, 0): [(datetime.datetime(2026, 3, 19, 11, 0), datetime.datetime(2026, 3, 20, 0, 0))], datetime.datetime(2026, 3, 20, 0, 0): [(datetime.datetime(2026, 3, 20, 11, 0), datetime.datetime(2026, 3, 20, 22, 0))], datetime.datetime(2026, 3, 21, 0, 0): [(datetime.datetime(2026, 3, 21, 11, 0), datetime.datetime(2026, 3, 21, 22, 0))]}"
1,昇冠雞排專賣店 崇德店,"{datetime.datetime(2026, 3, 22, 0, 0): [(datetime.datetime(2026, 3, 22, 17, 0), datetime.datetime(2026, 3, 23, 1, 0))], datetime.datetime(2026, 3, 24, 0, 0): [(datetime.datetime(2026, 3, 24, 17, 0), datetime.datetime(2026, 3, 25, 1, 0))], datetime.datetime(2026, 3, 25, 0, 0): [(datetime.datetime(2026, 3, 25, 17, 0), datetime.datetime(2026, 3, 25, 23, 59))], datetime.datetime(2026, 3, 19, 0, 0): [(datetime.datetime(2026, 3, 19, 0, 0), datetime.datetime(2026, 3, 19, 1, 0)), (datetime.datetime(2026, 3, 19, 17, 0), datetime.datetime(2026, 3, 20, 1, 0))], datetime.datetime(2026, 3, 20, 0, 0): [(datetime.datetime(2026, 3, 20, 17, 0), datetime.datetime(2026, 3, 21, 1, 0))], datetime.datetime(2026, 3, 21, 0, 0): [(datetime.datetime(2026, 3, 21, 17, 0), datetime.datetime(2026, 3, 22, 1, 0))]}"
2,盛記脆皮臭豆腐,"{datetime.datetime(2026, 3, 22, 0, 0): [(datetime.datetime(2026, 3, 22, 11, 0), datetime.datetime(2026, 3, 22, 22, 0))], datetime.datetime(2026, 3, 23, 0, 0): [(datetime.datetime(2026, 3, 23, 11, 0), datetime.datetime(2026, 3, 23, 22, 0))], datetime.datetime(2026, 3, 24, 0, 0): [(datetime.datetime(2026, 3, 24, 11, 0), datetime.datetime(2026, 3, 24, 22, 0))], datetime.datetime(2026, 3, 25, 0, 0): [(datetime.datetime(2026, 3, 25, 11, 0), datetime.datetime(2026, 3, 25, 22, 0))], datetime.datetime(2026, 3, 19, 0, 0): [(datetime.datetime(2026, 3, 19, 11, 30), datetime.datetime(2026, 3, 19, 22, 0))], datetime.datetime(2026, 3, 20, 0, 0): [(datetime.datetime(2026, 3, 20, 11, 0), datetime.datetime(2026, 3, 20, 22, 0))], datetime.datetime(2026, 3, 21, 0, 0): [(datetime.datetime(2026, 3, 21, 11, 0), datetime.datetime(2026, 3, 21, 22, 0))]}"
3,品鱻海鮮熱炒店,"{datetime.datetime(2026, 3, 22, 0, 0): [(datetime.datetime(2026, 3, 22, 17, 0), datetime.datetime(2026, 3, 23, 1, 0))], datetime.datetime(2026, 3, 23, 0, 0): [(datetime.datetime(2026, 3, 23, 17, 0), datetime.datetime(2026, 3, 24, 1, 0))], datetime.datetime(2026, 3, 24, 0, 0): [(datetime.datetime(2026, 3, 24, 17, 0), datetime.datetime(2026, 3, 25, 1, 0))], datetime.datetime(2026, 3, 25, 0, 0): [(datetime.datetime(2026, 3, 25, 17, 0), datetime.datetime(2026, 3, 25, 23, 59))], datetime.datetime(2026, 3, 19, 0, 0): [(datetime.datetime(2026, 3, 19, 0, 0), datetime.datetime(2026, 3, 19, 1, 0)), (datetime.datetime(2026, 3, 19, 17, 0), datetime.datetime(2026, 3, 20, 1, 0))], datetime.datetime(2026, 3, 20, 0, 0): [(datetime.datetime(2026, 3, 20, 17, 0), datetime.datetime(2026, 3, 21, 1, 0))], datetime.datetime(2026, 3, 21, 0, 0): [(datetime.datetime(2026, 3, 21, 17, 0), datetime.datetime(2026, 3, 22, 1, 0))]}"
4,丐幫滷味安居分舵,"{datetime.datetime(2026, 3, 22, 0, 0): [(datetime.datetime(2026, 3, 22, 17, 15), datetime.datetime(2026, 3, 22, 22, 30))], datetime.datetime(2026, 3, 23, 0, 0): [(datetime.datetime(2026, 3, 23, 17, 15), datetime.datetime(2026, 3, 23, 22, 30))], datetime.datetime(2026, 3, 24, 0, 0): [(datetime.datetime(2026, 3, 24, 17, 15), datetime.datetime(2026, 3, 24, 22, 30))], datetime.datetime(2026, 3, 25, 0, 0): [(datetime.datetime(2026, 3, 25, 17, 15), datetime.datetime(2026, 3, 25, 22, 30))], datetime.datetime(2026, 3, 19, 0, 0): [(datetime.datetime(2026, 3, 19, 17, 15), datetime.datetime(2026, 3, 19, 22, 30))], datetime.datetime(2026, 3, 20, 0, 0): [(datetime.datetime(2026, 3, 20, 17, 15), datetime.datetime(2026, 3, 20, 22, 30))]}"
5,小馬麵,"{datetime.datetime(2026, 3, 22, 0, 0): [(datetime.datetime(2026, 3, 22, 11, 0), datetime.datetime(2026, 3, 22, 15, 0)), (datetime.datetime(2026, 3, 22, 17, 0), datetime.datetime(2026, 3, 22, 20, 30))], datetime.datetime(2026, 3, 23, 0, 0): [(datetime.datetime(2026, 3, 23, 11, 0), datetime.datetime(2026, 3, 23, 15, 0)), (datetime.datetime(2026, 3, 23, 17, 0), datetime.datetime(2026, 3, 23, 21, 0))], datetime.datetime(2026, 3, 24, 0, 0): [(datetime.datetime(2026, 3, 24, 11, 0), datetime.datetime(2026, 3, 24, 15, 0)), (datetime.datetime(2026, 3, 24, 17, 0), datetime.datetime(2026, 3, 24, 21, 0))], datetime.datetime(2026, 3, 25, 0, 0): [(datetime.datetime(2026, 3, 25, 11, 0), datetime.datetime(2026, 3, 25, 15, 0)), (datetime.datetime(2026, 3, 25, 17, 0), datetime.datetime(2026, 3, 25, 21, 0))], datetime.datetime(2026, 3, 19, 0, 0): [(datetime.datetime(2026, 3, 19, 11, 0), datetime.datetime(2026, 3, 19, 15, 0)), (datetime.datetime(2026, 3, 19, 17, 0), datetime.datetime(2026, 3, 19, 21, 0))], datetime.datetime(2026, 3, 20, 0, 0): [(datetime.datetime(2026, 3, 20, 11, 0), datetime.datetime(2026, 3, 20, 15, 0)), (datetime.datetime(2026, 3, 20, 17, 0), datetime.datetime(2026, 3, 20, 21, 0))]}"
6,田樂咖哩,"{datetime.datetime(2026, 3, 23, 0, 0): [(datetime.datetime(2026, 3, 23, 12, 0), datetime.datetime(2026, 3, 23, 14, 0)), (datetime.datetime(2026, 3, 23, 18, 0), datetime.datetime(2026, 3, 23, 22, 0))], datetime.datetime(2026, 3, 24, 0, 0): [(datetime.datetime(2026, 3, 24, 12, 0), datetime.datetime(2026, 3, 24, 14, 0)), (datetime.datetime(2026, 3, 24, 18, 0), datetime.datetime(2026, 3, 24, 22, 0))], datetime.datetime(2026, 3, 25, 0, 0): [(datetime.datetime(2026, 3, 25, 12, 0), datetime.datetime(2026, 3, 25, 14, 0)), (datetime.datetime(2026, 3, 25, 18, 0), datetime.datetime(2026, 3, 25, 22, 0))], datetime.datetime(2026, 3, 19, 0, 0): [(datetime.datetime(2026, 3, 19, 12, 0), datetime.datetime(2026, 3, 19, 14, 0)), (datetime.datetime(2026, 3, 19, 18, 0), datetime.datetime(2026, 3, 19, 22, 0))], datetime.datetime(2026, 3, 20, 0, 0): [(datetime.datetime(2026, 3, 20, 12, 0), datetime.datetime(2026, 3, 20, 14, 0)), (datetime.datetime(2026, 3, 20, 18, 0), datetime.datetime(2026, 3, 20, 22, 0))], datetime.datetime(2026, 3, 21, 0, 0): [(datetime.datetime(2026, 3, 21, 12, 0), datetime.datetime(2026, 3, 21, 14, 0)), (datetime.datetime(2026, 3, 21, 18, 0), datetime.datetime(2026, 3, 21, 22, 0))]}"
7,班杰諾義大利餐廳,"{datetime.datetime(2026, 3, 22, 0, 0): [(datetime.datetime(2026, 3, 22, 11, 45), datetime.datetime(2026, 3, 22, 15, 30)), (datetime.datetime(2026, 3, 22, 17, 45), datetime.datetime(2026, 3, 22, 22, 0))], datetime.datetime(2026, 3, 23, 0, 0): [(datetime.datetime(2026, 3, 23, 11, 45), datetime.datetime(2026, 3, 23, 15, 30)), (datetime.datetime(2026, 3, 23, 17, 45), datetime.datetime(2026, 3, 23, 22, 0))], datetime.datetime(2026, 3, 24, 0, 0): [(datetime.datetime(2026, 3, 24, 11, 45), datetime.datetime(2026, 3, 24, 15, 30)), (datetime.datetime(2026, 3, 24, 17, 45), datetime.datetime(2026, 3, 24, 22, 0))], datetime.datetime(2026, 3, 25, 0, 0): [(datetime.datetime(2026, 3, 25, 11, 45), datetime.datetime(2026, 3, 25, 15, 30)), (datetime.datetime(2026, 3, 25, 17, 45), datetime.datetime(2026, 3, 25, 22, 0))], datetime.datetime(2026, 3, 19, 0, 0): [(datetime.datetime(2026, 3, 19, 11, 45), datetime.datetime(2026, 3, 19, 15, 30)), (datetime.datetime(2026, 3, 19, 17, 45), datetime.datetime(2026, 3, 19, 22, 30))], datetime.datetime(2026, 3, 20, 0, 0): [(datetime.datetime(2026, 3, 20, 11, 45), datetime.datetime(2026, 3, 20, 15, 30)), (datetime.datetime(2026, 3, 20, 17, 45), datetime.datetime(2026, 3, 20, 22, 0))], datetime.datetime(2026, 3, 21, 0, 0): [(datetime.datetime(2026, 3, 21, 11, 45), datetime.datetime(2026, 3, 21, 15, 30)), (datetime.datetime(2026, 3, 21, 17, 45), datetime.datetime(2026, 3, 21, 22, 30))]}"
8,好吃食堂海鮮鍋燒 大安店,"{datetime.datetime(2026, 3, 22, 0, 0): [(datetime.datetime(2026, 3, 22, 14, 0), datetime.datetime(2026, 3, 22, 22, 30))], datetime.datetime(2026, 3, 24, 0, 0): [(datetime.datetime(2026, 3, 24, 11, 0), datetime.datetime(2026, 3, 24, 14, 30)), (datetime.datetime(2026, 3, 24, 16, 30), datetime.datetime(2026, 3, 24, 22, 30))], datetime.datetime(2026, 3, 25, 0, 0): [(datetime.datetime(2026, 3, 25, 11, 0), datetime.datetime(2026, 3, 25, 14, 30)), (datetime.datetime(2026, 3, 25, 16, 30), datetime.datetime(2026, 3, 25, 22, 30))], datetime.datetime(2026, 3, 19, 0, 0): [(datetime.datetime(2026, 3, 19, 11, 0), datetime.datetime(2026, 3, 19, 14, 30)), (datetime.datetime(2026, 3, 19, 16, 30), datetime.datetime(2026, 3, 19, 22, 30))], datetime.datetime(2026, 3, 20, 0, 0): [(datetime.datetime(2026, 3, 20, 11, 0), datetime.datetime(2026, 3, 20, 14, 30)), (datetime.datetime(2026, 3, 20, 16, 30), datetime.datetime(2026, 3, 20, 22, 30))], datetime.datetime(2026, 3, 21, 0, 0): [(datetime.datetime(2026, 3, 21, 14, 0), datetime.datetime(2026, 3, 21, 22, 30))]}"
9,13香牛肉麵,"{datetime.datetime(2026, 3, 23, 0, 0): [(datetime.datetime(2026, 3, 23, 11, 30), datetime.datetime(2026, 3, 23, 14, 30)), (datetime.datetime(2026, 3, 23, 17, 30), datetime.datetime(2026, 3, 23, 21, 0))], datetime.datetime(2026, 3, 24, 0, 0): [(datetime.datetime(2026, 3, 24, 11, 30), datetime.datetime(2026, 3, 24, 14, 30)), (datetime.datetime(2026, 3, 24, 17, 30), datetime.datetime(2026, 3, 24, 21, 0))], datetime.datetime(2026, 3, 25, 0, 0): [(datetime.datetime(2026, 3, 25, 11, 30), datetime.datetime(2026, 3, 25, 14, 30)), (datetime.datetime(2026, 3, 25, 17, 30), datetime.datetime(2026, 3, 25, 21, 0))], datetime.datetime(2026, 3, 19, 0, 0): [(datetime.datetime(2026, 3, 19, 11, 30), datetime.datetime(2026, 3, 19, 14, 30)), (datetime.datetime(2026, 3, 19, 17, 30), datetime.datetime(2026, 3, 19, 21, 0))], datetime.datetime(2026, 3, 20, 0, 0): [(datetime.datetime(2026, 3, 20, 11, 30), datetime.datetime(2026, 3, 20, 14, 30)), (datetime.datetime(2026, 3, 20, 17, 30), datetime.datetime(2026, 3, 20, 21, 0))], datetime.datetime(2026, 3, 21, 0, 0): [(datetime.datetime(2026, 3, 21, 11, 30), datetime.datetime(2026, 3, 21, 14, 30)), (datetime.datetime(2026, 3, 21, 17, 30), datetime.datetime(2026, 3, 21, 21, 0))]}"
10,搗飛豆花,"{datetime.datetime(2026, 3, 22, 0, 0): [(datetime.datetime(2026, 3, 22, 12, 0), datetime.datetime(2026, 3, 22, 22, 30))], datetime.datetime(2026, 3, 23, 0, 0): [(datetime.datetime(2026, 3, 23, 12, 0), datetime.datetime(2026, 3, 23, 22, 30))], datetime.datetime(2026, 3, 24, 0, 0): [(datetime.datetime(2026, 3, 24, 12, 0), datetime.datetime(2026, 3, 24, 22, 30))], datetime.datetime(2026, 3, 25, 0, 0): [(datetime.datetime(2026, 3, 25, 12, 0), datetime.datetime(2026, 3, 25, 22, 30))], datetime.datetime(2026, 3, 19, 0, 0): [(datetime.datetime(2026, 3, 19, 12, 0), datetime.datetime(2026, 3, 19, 22, 30))], datetime.datetime(2026, 3, 20, 0, 0): [(datetime.datetime(2026, 3, 20, 12, 0), datetime.datetime(2026, 3, 20, 22, 30))], datetime.datetime(2026, 3, 21, 0, 0): [(datetime.datetime(2026, 3, 21, 12, 0), datetime.datetime(2026, 3, 21, 22, 30))]}"
11,雞優穀養生藥膳-吳興店-信義區美食 信義區小吃 信義區煲湯 信義區麻油雞 吳興街美食,"{datetime.datetime(2026, 3, 22, 0, 0): [(datetime.datetime(2026, 3, 22, 11, 0), datetime.datetime(2026, 3, 22, 21, 45))], datetime.datetime(2026, 3, 23, 0, 0): [(datetime.datetime(2026, 3, 23, 11, 0), datetime.datetime(2026, 3, 23, 21, 45))], datetime.datetime(2026, 3, 24, 0, 0): [(datetime.datetime(2026, 3, 24, 11, 0), datetime.datetime(2026, 3, 24, 21, 45))], datetime.datetime(2026, 3, 25, 0, 0): [(datetime.datetime(2026, 3, 25, 11, 0), datetime.datetime(2026, 3, 25, 21, 45))], datetime.datetime(2026, 3, 19, 0, 0): [(datetime.datetime(2026, 3, 19, 11, 0), datetime.datetime(2026, 3, 19, 21, 45))], datetime.datetime(2026, 3, 20, 0, 0): [(datetime.datetime(2026, 3, 20, 11, 0), datetime.datetime(2026, 3, 20, 21, 45))], datetime.datetime(2026, 3, 21, 0, 0): [(datetime.datetime(2026, 3, 21, 11, 0), datetime.datetime(2026, 3, 21, 21, 45))]}"
12,御品元冰火湯圓,"{datetime.datetime(2026, 3, 22, 0, 0): [(datetime.datetime(2026, 3, 22, 17, 30), datetime.datetime(2026, 3, 22, 23, 30))], datetime.datetime(2026, 3, 23, 0, 0): [(datetime.datetime(2026, 3, 23, 18, 0), datetime.datetime(2026, 3, 23, 23, 30))], datetime.datetime(2026, 3, 24, 0, 0): [(datetime.datetime(2026, 3, 24, 18, 0), datetime.datetime(2026, 3, 24, 23, 30))], datetime.datetime(2026, 3, 25, 0, 0): [(datetime.datetime(2026, 3, 25, 18, 0), datetime.datetime(2026, 3, 25, 23, 30))], datetime.datetime(2026, 3, 19, 0, 0): [(datetime.datetime(2026, 3, 19, 18, 0), datetime.datetime(2026, 3, 19, 23, 30))], datetime.datetime(2026, 3, 20, 0, 0): [(datetime.datetime(2026, 3, 20, 18, 0), datetime.datetime(2026, 3, 21, 0, 0))], datetime.datetime(2026, 3, 21, 0, 0): [(datetime.datetime(2026, 3, 21, 17, 30), datetime.datetime(2026, 3, 22, 0, 0))]}"
13,饞食坊,"{datetime.datetime(2026, 3, 22, 0, 0): [(datetime.datetime(2026, 3, 22, 18, 0), datetime.datetime(2026, 3, 23, 2, 0))], datetime.datetime(2026, 3, 23, 0, 0): [(datetime.datetime(2026, 3, 23, 18, 0), datetime.datetime(2026, 3, 24, 2, 0))], datetime.datetime(2026, 3, 24, 0, 0): [(datetime.datetime(2026, 3, 24, 18, 0), datetime.datetime(2026, 3, 25, 2, 0))], datetime.datetime(2026, 3, 25, 0, 0): [(datetime.datetime(2026, 3, 25, 18, 0), datetime.datetime(2026, 3, 25, 23, 59))], datetime.datetime(2026, 3, 19, 0, 0): [(datetime.datetime(2026, 3, 19, 0, 0), datetime.datetime(2026, 3, 19, 2, 0)), (datetime.datetime(2026, 3, 19, 18, 0), datetime.datetime(2026, 3, 20, 2, 0))], datetime.datetime(2026, 3, 20, 0, 0): [(datetime.datetime(2026, 3, 20, 18, 0), datetime.datetime(2026, 3, 21, 2, 0))], datetime.datetime(2026, 3, 21, 0, 0): [(datetime.datetime(2026, 3, 21, 18, 0), datetime.datetime(2026, 3, 22, 2, 0))]}"
14,Open開房間桌遊餐酒館,"{datetime.datetime(2026, 3, 22, 0, 0): [(datetime.datetime(2026, 3, 22, 11, 30), datetime.datetime(2026, 3, 22, 22, 0))], datetime.datetime(2026, 3, 24, 0, 0): [(datetime.datetime(2026, 3, 24, 17, 0), datetime.datetime(2026, 3, 24, 23, 30))], datetime.datetime(2026, 3, 25, 0, 0): [(datetime.datetime(2026, 3, 25, 17, 0), datetime.datetime(2026, 3, 25, 23, 30))], datetime.datetime(2026, 3, 19, 0, 0): [(datetime.datetime(2026, 3, 19, 17, 0), datetime.datetime(2026, 3, 19, 23, 30))], datetime.datetime(2026, 3, 20, 0, 0): [(datetime.datetime(2026, 3, 20, 17, 0), datetime.datetime(2026, 3, 20, 23, 30))], datetime.datetime(2026, 3, 21, 0, 0): [(datetime.datetime(2026, 3, 21, 11, 30), datetime.datetime(2026, 3, 21, 23, 30))]}"
15,Takeout Burger&Cafe 延吉店 （最後點餐21：30）/美式漢堡/寵物友善/大安區美食/貓咪餐廳,"{datetime.datetime(2026, 3, 22, 0, 0): [(datetime.datetime(2026, 3, 22, 11, 0), datetime.datetime(2026, 3, 22, 22, 30))], datetime.datetime(2026, 3, 23, 0, 0): [(datetime.datetime(2026, 3, 23, 11, 0), datetime.datetime(2026, 3, 23, 22, 30))], datetime.datetime(2026, 3, 24, 0, 0): [(datetime.datetime(2026, 3, 24, 11, 0), datetime.datetime(2026, 3, 24, 22, 30))], datetime.datetime(2026, 3, 25, 0, 0): [(datetime.datetime(2026, 3, 25, 11, 0), datetime.datetime(2026, 3, 25, 22, 30))], datetime.datetime(2026, 3, 19, 0, 0): [(datetime.datetime(2026, 3, 19, 11, 0), datetime.datetime(2026, 3, 19, 22, 30))], datetime.datetime(2026, 3, 20, 0, 0): [(datetime.datetime(2026, 3, 20, 11, 0), datetime.datetime(2026, 3, 20, 22, 30))], datetime.datetime(2026, 3, 21, 0, 0): [(datetime.datetime(2026, 3, 21, 11, 0), datetime.datetime(2026, 3, 21, 22, 30))]}"
16,人从众厚切牛排(台北復興店),"{datetime.datetime(2026, 3, 22, 0, 0): [(datetime.datetime(2026, 3, 22, 11, 0), datetime.datetime(2026, 3, 22, 23, 0))], datetime.datetime(2026, 3, 23, 0, 0): [(datetime.datetime(2026, 3, 23, 11, 0), datetime.datetime(2026, 3, 23, 23, 0))], datetime.datetime(2026, 3, 24, 0, 0): [(datetime.datetime(2026, 3, 24, 11, 0), datetime.datetime(2026, 3, 24, 23, 0))], datetime.datetime(2026, 3, 25, 0, 0): [(datetime.datetime(2026, 3, 25, 11, 0), datetime.datetime(2026, 3, 25, 23, 0))], datetime.datetime(2026, 3, 19, 0, 0): [(datetime.datetime(2026, 3, 19, 11, 0), datetime.datetime(2026, 3, 19, 23, 0))], datetime.datetime(2026, 3, 20, 0, 0): [(datetime.datetime(2026, 3, 20, 11, 0), datetime.datetime(2026, 3, 20, 23, 0))], datetime.datetime(2026, 3, 21, 0, 0): [(datetime.datetime(2026, 3, 21, 11, 0), datetime.datetime(2026, 3, 21, 23, 0))]}"
17,井上禾食,"{datetime.datetime(2026, 3, 22, 0, 0): [(datetime.datetime(2026, 3, 22, 11, 45), datetime.datetime(2026, 3, 22, 14, 0)), (datetime.datetime(2026, 3, 22, 17, 0), datetime.datetime(2026, 3, 22, 20, 0))], datetime.datetime(2026, 3, 23, 0, 0): [(datetime.datetime(2026, 3, 23, 11, 45), datetime.datetime(2026, 3, 23, 14, 0)), (datetime.datetime(2026, 3, 23, 17, 0), datetime.datetime(2026, 3, 23, 20, 0))], datetime.datetime(2026, 3, 24, 0, 0): [(datetime.datetime(2026, 3, 24, 11, 45), datetime.datetime(2026, 3, 24, 14, 0)), (datetime.datetime(2026, 3, 24, 17, 0), datetime.datetime(2026, 3, 24, 20, 0))], datetime.datetime(2026, 3, 25, 0, 0): [(datetime.datetime(2026, 3, 25, 11, 45), datetime.datetime(2026, 3, 25, 14, 0)), (datetime.datetime(2026, 3, 25, 17, 0), datetime.datetime(2026, 3, 25, 20, 0))], datetime.datetime(2026, 3, 19, 0, 0): [(datetime.datetime(2026, 3, 19, 11, 45), datetime.datetime(2026, 3, 19, 14, 0)), (datetime.datetime(2026, 3, 19, 17, 0), datetime.datetime(2026, 3, 19, 20, 0))], datetime.datetime(2026, 3, 20, 0, 0): [(datetime.datetime(2026, 3, 20, 11, 45), datetime.datetime(2026, 3, 20, 14, 0)), (datetime.datetime(2026, 3, 20, 17, 0), datetime.datetime(2026, 3, 20, 20, 0))], datetime.datetime(2026, 3, 21, 0, 0): [(datetime.datetime(2026, 3, 21, 11, 45), datetime.datetime(2026, 3, 21, 14, 0)), (datetime.datetime(2026, 3, 21, 17, 0), datetime.datetime(2026, 3, 21, 20, 0))]}"
18,Ti Coffee Park,"{datetime.datetime(2026, 3, 22, 0, 0): [(datetime.datetime(2026, 3, 22, 11, 30), datetime.datetime(2026, 3, 22, 22, 30))], datetime.datetime(2026, 3, 24, 0, 0): [(datetime.datetime(2026, 3, 24, 11, 30), datetime.datetime(2026, 3, 24, 22, 30))], datetime.datetime(2026, 3, 25, 0, 0): [(datetime.datetime(2026, 3, 25, 11, 30), datetime.datetime(2026, 3, 25, 22, 30))], datetime.datetime(2026, 3, 19, 0, 0): [(datetime.datetime(2026, 3, 19, 11, 30), datetime.datetime(2026, 3, 19, 22, 30))], datetime.datetime(2026, 3, 20, 0, 0): [(datetime.datetime(2026, 3, 20, 11, 30), datetime.datetime(2026, 3, 20, 22, 30))], datetime.datetime(2026, 3, 21, 0, 0): [(datetime.datetime(2026, 3, 21, 11, 30), datetime.datetime(2026, 3, 21, 22, 30))]}"
19,賀加小吃店|藥燉排骨、煲仔飯,"{datetime.datetime(2026, 3, 23, 0, 0): [(datetime.datetime(2026, 3, 23, 12, 0), datetime.datetime(2026, 3, 23, 14, 0)), (datetime.datetime(2026, 3, 23, 17, 0), datetime.datetime(2026, 3, 23, 21, 0))], datetime.datetime(2026, 3, 24, 0, 0): [(datetime.datetime(2026, 3, 24, 12, 0), datetime.datetime(2026, 3, 24, 14, 0)), (datetime.datetime(2026, 3, 24, 17, 0), datetime.datetime(2026, 3, 24, 21, 0))], datetime.datetime(2026, 3, 25, 0, 0): [(datetime.datetime(2026, 3, 25, 12, 0), datetime.datetime(2026, 3, 25, 14, 0)), (datetime.datetime(2026, 3, 25, 17, 0), datetime.datetime(2026, 3, 25, 21, 0))], datetime.datetime(2026, 3, 19, 0, 0): [(datetime.datetime(2026, 3, 19, 12, 0), datetime.datetime(2026, 3, 19, 14, 0)), (datetime.datetime(2026, 3, 19, 17, 0), datetime.datetime(2026, 3, 19, 21, 0))], datetime.datetime(2026, 3, 20, 0, 0): [(datetime.datetime(2026, 3, 20, 12, 0), datetime.datetime(2026, 3, 20, 14, 0)), (datetime.datetime(2026, 3, 20, 17, 0), datetime.datetime(2026, 3, 20, 21, 0))], datetime.datetime(2026, 3, 21, 0, 0): [(datetime.datetime(2026, 3, 21, 17, 0), datetime.datetime(2026, 3, 21, 21, 0))]}"
20,刁民-酸菜魚 信義店,"{datetime.datetime(2026, 3, 22, 0, 0): [(datetime.datetime(2026, 3, 22, 11, 0), datetime.datetime(2026, 3, 23, 2, 0))], datetime.datetime(2026, 3, 23, 0, 0): [(datetime.datetime(2026, 3, 23, 11, 0), datetime.datetime(2026, 3, 24, 2, 0))], datetime.datetime(2026, 3, 24, 0, 0): [(datetime.datetime(2026, 3, 24, 11, 0), datetime.datetime(2026, 3, 25, 2, 0))], datetime.datetime(2026, 3, 25, 0, 0): [(datetime.datetime(2026, 3, 25, 11, 0), datetime.datetime(2026, 3, 25, 23, 59))], datetime.datetime(2026, 3, 19, 0, 0): [(datetime.datetime(2026, 3, 19, 0, 0), datetime.datetime(2026, 3, 19, 2, 0)), (datetime.datetime(2026, 3, 19, 11, 0), datetime.datetime(2026, 3, 20, 2, 0))], datetime.datetime(2026, 3, 20, 0, 0): [(datetime.datetime(2026, 3, 20, 11, 0), datetime.datetime(2026, 3, 21, 2, 0))], datetime.datetime(2026, 3, 21, 0, 0): [(datetime.datetime(2026, 3, 21, 11, 0), datetime.datetime(2026, 3, 22, 2, 0))]}"
21,Meat Love橡木炭火韓國烤肉 信義店,"{datetime.datetime(2026, 3, 22, 0, 0): [(datetime.datetime(2026, 3, 22, 12, 0), datetime.datetime(2026, 3, 22, 22, 0))], datetime.datetime(2026, 3, 23, 0, 0): [(datetime.datetime(2026, 3, 23, 12, 0), datetime.datetime(2026, 3, 23, 22, 0))], datetime.datetime(2026, 3, 24, 0, 0): [(datetime.datetime(2026, 3, 24, 12, 0), datetime.datetime(2026, 3, 24, 22, 0))], datetime.datetime(2026, 3, 25, 0, 0): [(datetime.datetime(2026, 3, 25, 12, 0), datetime.datetime(2026, 3, 25, 22, 0))], datetime.datetime(2026, 3, 19, 0, 0): [(datetime.datetime(2026, 3, 19, 12, 0), datetime.datetime(2026, 3, 20, 0, 0))], datetime.datetime(2026, 3, 20, 0, 0): [(datetime.datetime(2026, 3, 20, 12, 0), datetime.datetime(2026, 3, 21, 0, 0))], datetime.datetime(2026, 3, 21, 0, 0): [(datetime.datetime(2026, 3, 21, 12, 0), datetime.datetime(2026, 3, 22, 0, 0))]}"
22,傑克兄弟牛排館臺北信義店,"{datetime.datetime(2026, 3, 22, 0, 0): [(datetime.datetime(2026, 3, 22, 11, 30), datetime.datetime(2026, 3, 22, 15, 0)), (datetime.datetime(2026, 3, 22, 17, 0), datetime.datetime(2026, 3, 22, 22, 0))], datetime.datetime(2026, 3, 23, 0, 0): [(datetime.datetime(2026, 3, 23, 11, 30), datetime.datetime(2026, 3, 23, 15, 0)), (datetime.datetime(2026, 3, 23, 17, 0), datetime.datetime(2026, 3, 23, 22, 0))], datetime.datetime(2026, 3, 24, 0, 0): [(datetime.datetime(2026, 3, 24, 11, 30), datetime.datetime(2026, 3, 24, 15, 0)), (datetime.datetime(2026, 3, 24, 17, 0), datetime.datetime(2026, 3, 24, 22, 0))], datetime.datetime(2026, 3, 25, 0, 0): [(datetime.datetime(2026, 3, 25, 11, 30), datetime.datetime(2026, 3, 25, 15, 0)), (datetime.datetime(2026, 3, 25, 17, 0), datetime.datetime(2026, 3, 25, 22, 0))], datetime.datetime(2026, 3, 19, 0, 0): [(datetime.datetime(2026, 3, 19, 11, 30), datetime.datetime(2026, 3, 19, 15, 0)), (datetime.datetime(2026, 3, 19, 17, 0), datetime.datetime(2026, 3, 19, 22, 0))], datetime.datetime(2026, 3, 20, 0, 0): [(datetime.datetime(2026, 3, 20, 11, 30), datetime.datetime(2026, 3, 20, 15, 0)), (datetime.datetime(2026, 3, 20, 17, 0), datetime.datetime(2026, 3, 20, 22, 0))], datetime.datetime(2026, 3, 21, 0, 0): [(datetime.datetime(2026, 3, 21, 11, 30), datetime.datetime(2026, 3, 21, 15, 0)), (datetime.datetime(2026, 3, 21, 17, 0), datetime.datetime(2026, 3, 21, 22, 0))]}"
23,溫度小館Chaleureux,"{datetime.datetime(2026, 3, 22, 0, 0): [(datetime.datetime(2026, 3, 22, 11, 30), datetime.datetime(2026, 3, 22, 14, 30)), (datetime.datetime(2026, 3, 22, 17, 30), datetime.datetime(2026, 3, 22, 21, 30))], datetime.datetime(2026, 3, 23, 0, 0): [(datetime.datetime(2026, 3, 23, 11, 30), datetime.datetime(2026, 3, 23, 14, 30)), (datetime.datetime(2026, 3, 23, 17, 30), datetime.datetime(2026, 3, 23, 21, 30))], datetime.datetime(2026, 3, 24, 0, 0): [(datetime.datetime(2026, 3, 24, 11, 30), datetime.datetime(2026, 3, 24, 14, 30)), (datetime.datetime(2026, 3, 24, 17, 30), datetime.datetime(2026, 3, 24, 21, 30))], datetime.datetime(2026, 3, 19, 0, 0): [(datetime.datetime(2026, 3, 19, 11, 30), datetime.datetime(2026, 3, 19, 14, 30)), (datetime.datetime(2026, 3, 19, 17, 30), datetime.datetime(2026, 3, 19, 21, 30))], datetime.datetime(2026, 3, 20, 0, 0): [(datetime.datetime(2026, 3, 20, 11, 30), datetime.datetime(2026, 3, 20, 14, 30)), (datetime.datetime(2026, 3, 20, 17, 30), datetime.datetime(2026, 3, 20, 21, 30))], datetime.datetime(2026, 3, 21, 0, 0): [(datetime.datetime(2026, 3, 21, 11, 30), datetime.datetime(2026, 3, 21, 14, 30)), (datetime.datetime(2026, 3, 21, 17, 30), datetime.datetime(2026, 3, 21, 21, 30))]}"
24,伍柒玖牛肉麵飯館,"{datetime.datetime(2026, 3, 22, 0, 0): [(datetime.datetime(2026, 3, 22, 10, 30), datetime.datetime(2026, 3, 22, 21, 30))], datetime.datetime(2026, 3, 23, 0, 0): [(datetime.datetime(2026, 3, 23, 10, 30), datetime.datetime(2026, 3, 23, 21, 30))], datetime.datetime(2026, 3, 24, 0, 0): [(datetime.datetime(2026, 3, 24, 10, 30), datetime.datetime(2026, 3, 24, 21, 30))], datetime.datetime(2026, 3, 25, 0, 0): [(datetime.datetime(2026, 3, 25, 10, 30), datetime.datetime(2026, 3, 25, 21, 30))], datetime.datetime(2026, 3, 19, 0, 0): [(datetime.datetime(2026, 3, 19, 10, 30), datetime.datetime(2026, 3, 19, 21, 30))], datetime.datetime(2026, 3, 20, 0, 0): [(datetime.datetime(2026, 3, 20, 10, 30), datetime.datetime(2026, 3, 20, 21, 30))], datetime.datetime(2026, 3, 21, 0, 0): [(datetime.datetime(2026, 3, 21, 10, 30), datetime.datetime(2026, 3, 21, 21, 30))]}"
25,深夜未歸-永春店,"{datetime.datetime(2026, 3, 22, 0, 0): [(datetime.datetime(2026, 3, 22, 17, 0), datetime.datetime(2026, 3, 23, 6, 0))], datetime.datetime(2026, 3, 23, 0, 0): [(datetime.datetime(2026, 3, 23, 17, 0), datetime.datetime(2026, 3, 24, 6, 0))], datetime.datetime(2026, 3, 24, 0, 0): [(datetime.datetime(2026, 3, 24, 17, 0), datetime.datetime(2026, 3, 25, 6, 0))], datetime.datetime(2026, 3, 25, 0, 0): [(datetime.datetime(2026, 3, 25, 17, 0), datetime.datetime(2026, 3, 25, 23, 59))], datetime.datetime(2026, 3, 19, 0, 0): [(datetime.datetime(2026, 3, 19, 0, 0), datetime.datetime(2026, 3, 19, 6, 0)), (datetime.datetime(2026, 3, 19, 17, 0), datetime.datetime(2026, 3, 20, 6, 0))], datetime.datetime(2026, 3, 20, 0, 0): [(datetime.datetime(2026, 3, 20, 17, 0), datetime.datetime(2026, 3, 21, 6, 0))], datetime.datetime(2026, 3, 21, 0, 0): [(datetime.datetime(2026, 3, 21, 17, 0), datetime.datetime(2026, 3, 22, 6, 0))]}"
26,滝禾製麵所 大安瑞安店(拉麵專賣),"{datetime.datetime(2026, 3, 22, 0, 0): [(datetime.datetime(2026, 3, 22, 11, 30), datetime.datetime(2026, 3, 22, 21, 0))], datetime.datetime(2026, 3, 23, 0, 0): [(datetime.datetime(2026, 3, 23, 11, 30), datetime.datetime(2026, 3, 23, 21, 0))], datetime.datetime(2026, 3, 24, 0, 0): [(datetime.datetime(2026, 3, 24, 11, 30), datetime.datetime(2026, 3, 24, 21, 0))], datetime.datetime(2026, 3, 25, 0, 0): [(datetime.datetime(2026, 3, 25, 11, 30), datetime.datetime(2026, 3, 25, 21, 0))], datetime.datetime(2026, 3, 19, 0, 0): [(datetime.datetime(2026, 3, 19, 11, 30), datetime.datetime(2026, 3, 19, 21, 0))], datetime.datetime(2026, 3, 20, 0, 0): [(datetime.datetime(2026, 3, 20, 11, 30), datetime.datetime(2026, 3, 20, 21, 0))], datetime.datetime(2026, 3, 21, 0, 0): [(datetime.datetime(2026, 3, 21, 11, 30), datetime.datetime(2026, 3, 21, 21, 0))]}"
27,堤諾義大利比薩 Tino's Pizza 台北莊敬店,"{datetime.datetime(2026, 3, 22, 0, 0): [(datetime.datetime(2026, 3, 22, 11, 0), datetime.datetime(2026, 3, 22, 21, 0))], datetime.datetime(2026, 3, 23, 0, 0): [(datetime.datetime(2026, 3, 23, 11, 0), datetime.datetime(2026, 3, 23, 21, 0))], datetime.datetime(2026, 3, 24, 0, 0): [(datetime.datetime(2026, 3, 24, 11, 0), datetime.datetime(2026, 3, 24, 21, 0))], datetime.datetime(2026, 3, 25, 0, 0): [(datetime.datetime(2026, 3, 25, 11, 0), datetime.datetime(2026, 3, 25, 21, 0))], datetime.datetime(2026, 3, 19, 0, 0): [(datetime.datetime(2026, 3, 19, 11, 0), datetime.datetime(2026, 3, 19, 21, 0))], datetime.datetime(2026, 3, 20, 0, 0): [(datetime.datetime(2026, 3, 20, 11, 0), datetime.datetime(2026, 3, 20, 21, 0))], datetime.datetime(2026, 3, 21, 0, 0): [(datetime.datetime(2026, 3, 21, 11, 0), datetime.datetime(2026, 3, 21, 21, 0))]}"
28,すき家信義安和,"{datetime.datetime(2026, 3, 19, 0, 0): [(datetime.datetime(2026, 3, 19, 0, 0), datetime.datetime(2026, 3, 25, 23, 59))]}"
29,燒肉の名門 赤虎-信義安和店,"{datetime.datetime(2026, 3, 22, 0, 0): [(datetime.datetime(2026, 3, 22, 11, 30), datetime.datetime(2026, 3, 22, 16, 0)), (datetime.datetime(2026, 3, 22, 17, 0), datetime.datetime(2026, 3, 22, 22, 0))], datetime.datetime(2026, 3, 23, 0, 0): [(datetime.datetime(2026, 3, 23, 11, 30), datetime.datetime(2026, 3, 23, 14, 30)), (datetime.datetime(2026, 3, 23, 17, 30), datetime.datetime(2026, 3, 23, 22, 0))], datetime.datetime(2026, 3, 24, 0, 0): [(datetime.datetime(2026, 3, 24, 11, 30), datetime.datetime(2026, 3, 24, 14, 30)), (datetime.datetime(2026, 3, 24, 17, 30), datetime.datetime(2026, 3, 24, 22, 0))], datetime.datetime(2026, 3, 25, 0, 0): [(datetime.datetime(2026, 3, 25, 11, 30), datetime.datetime(2026, 3, 25, 14, 30)), (datetime.datetime(2026, 3, 25, 17, 30), datetime.datetime(2026, 3, 25, 22, 0))], datetime.datetime(2026, 3, 19, 0, 0): [(datetime.datetime(2026, 3, 19, 11, 30), datetime.datetime(2026, 3, 19, 14, 30)), (datetime.datetime(2026, 3, 19, 17, 30), datetime.datetime(2026, 3, 19, 22, 0))], datetime.datetime(2026, 3, 20, 0, 0): [(datetime.datetime(2026, 3, 20, 11, 30), datetime.datetime(2026, 3, 20, 14, 30)), (datetime.datetime(2026, 3, 20, 17, 30), datetime.datetime(2026, 3, 20, 22, 0))], datetime.datetime(2026, 3, 21, 0, 0): [(datetime.datetime(2026, 3, 21, 11, 30), datetime.datetime(2026, 3, 21, 16, 0)), (datetime.datetime(2026, 3, 21, 17, 0), datetime.datetime(2026, 3, 21, 22, 0))]}"
30,人从众厚切牛排(台北北醫店),"{datetime.datetime(2026, 3, 22, 0, 0): [(datetime.datetime(2026, 3, 22, 11, 0), datetime.datetime(2026, 3, 22, 21, 30))], datetime.datetime(2026, 3, 23, 0, 0): [(datetime.datetime(2026, 3, 23, 11, 0), datetime.datetime(2026, 3, 23, 21, 30))], datetime.datetime(2026, 3, 24, 0, 0): [(datetime.datetime(2026, 3, 24, 11, 0), datetime.datetime(2026, 3, 24, 21, 30))], datetime.datetime(2026, 3, 25, 0, 0): [(datetime.datetime(2026, 3, 25, 11, 0), datetime.datetime(2026, 3, 25, 21, 30))], datetime.datetime(2026, 3, 19, 0, 0): [(datetime.datetime(2026, 3, 19, 11, 0), datetime.datetime(2026, 3, 19, 21, 30))], datetime.datetime(2026, 3, 20, 0, 0): [(datetime.datetime(2026, 3, 20, 11, 0), datetime.datetime(2026, 3, 20, 21, 30))], datetime.datetime(2026, 3, 21, 0, 0): [(datetime.datetime(2026, 3, 21, 11, 0), datetime.datetime(2026, 3, 21, 21, 30))]}"
31,職人丼深夜食堂 信義店,"{datetime.datetime(2026, 3, 22, 0, 0): [(datetime.datetime(2026, 3, 22, 11, 0), datetime.datetime(2026, 3, 22, 14, 0)), (datetime.datetime(2026, 3, 22, 17, 0), datetime.datetime(2026, 3, 22, 22, 0))], datetime.datetime(2026, 3, 23, 0, 0): [(datetime.datetime(2026, 3, 23, 11, 0), datetime.datetime(2026, 3, 23, 14, 0)), (datetime.datetime(2026, 3, 23, 17, 0), datetime.datetime(2026, 3, 23, 22, 0))], datetime.datetime(2026, 3, 24, 0, 0): [(datetime.datetime(2026, 3, 24, 11, 0), datetime.datetime(2026, 3, 24, 14, 0)), (datetime.datetime(2026, 3, 24, 17, 0), datetime.datetime(2026, 3, 24, 22, 0))], datetime.datetime(2026, 3, 25, 0, 0): [(datetime.datetime(2026, 3, 25, 11, 0), datetime.datetime(2026, 3, 25, 14, 0)), (datetime.datetime(2026, 3, 25, 17, 0), datetime.datetime(2026, 3, 25, 22, 0))], datetime.datetime(2026, 3, 19, 0, 0): [(datetime.datetime(2026, 3, 19, 11, 0), datetime.datetime(2026, 3, 19, 14, 0)), (datetime.datetime(2026, 3, 19, 17, 0), datetime.datetime(2026, 3, 19, 22, 0))], datetime.datetime(2026, 3, 20, 0, 0): [(datetime.datetime(2026, 3, 20, 11, 0), datetime.datetime(2026, 3, 20, 14, 0)), (datetime.datetime(2026, 3, 20, 17, 0), datetime.datetime(2026, 3, 20, 22, 0))], datetime.datetime(2026, 3, 21, 0, 0): [(datetime.datetime(2026, 3, 21, 11, 0), datetime.datetime(2026, 3, 21, 14, 0)), (datetime.datetime(2026, 3, 21, 17, 0), datetime.datetime(2026, 3, 21, 22, 0))]}"
32,蔬軾．安和店,"{datetime.datetime(2026, 3, 22, 0, 0): [(datetime.datetime(2026, 3, 22, 11, 30), datetime.datetime(2026, 3, 22, 14, 30)), (datetime.datetime(2026, 3, 22, 17, 30), datetime.datetime(2026, 3, 22, 21, 0))], datetime.datetime(2026, 3, 23, 0, 0): [(datetime.datetime(2026, 3, 23, 11, 30), datetime.datetime(2026, 3, 23, 14, 30)), (datetime.datetime(2026, 3, 23, 17, 30), datetime.datetime(2026, 3, 23, 21, 0))], datetime.datetime(2026, 3, 24, 0, 0): [(datetime.datetime(2026, 3, 24, 11, 30), datetime.datetime(2026, 3, 24, 14, 30)), (datetime.datetime(2026, 3, 24, 17, 30), datetime.datetime(2026, 3, 24, 21, 0))], datetime.datetime(2026, 3, 25, 0, 0): [(datetime.datetime(2026, 3, 25, 11, 30), datetime.datetime(2026, 3, 25, 14, 30)), (datetime.datetime(2026, 3, 25, 17, 30), datetime.datetime(2026, 3, 25, 21, 0))], datetime.datetime(2026, 3, 19, 0, 0): [(datetime.datetime(2026, 3, 19, 11, 30), datetime.datetime(2026, 3, 19, 14, 30)), (datetime.datetime(2026, 3, 19, 17, 30), datetime.datetime(2026, 3, 19, 21, 0))], datetime.datetime(2026, 3, 20, 0, 0): [(datetime.datetime(2026, 3, 20, 11, 30), datetime.datetime(2026, 3, 20, 14, 30)), (datetime.datetime(2026, 3, 20, 17, 30), datetime.datetime(2026, 3, 20, 21, 0))], datetime.datetime(2026, 3, 21, 0, 0): [(datetime.datetime(2026, 3, 21, 11, 30), datetime.datetime(2026, 3, 21, 14, 30)), (datetime.datetime(2026, 3, 21, 17, 30), datetime.datetime(2026, 3, 21, 21, 0))]}"
33,亞米小廚 yummy kitchenette,"{datetime.datetime(2026, 3, 22, 0, 0): [(datetime.datetime(2026, 3, 22, 11, 30), datetime.datetime(2026, 3, 22, 15, 0)), (datetime.datetime(2026, 3, 22, 16, 30), datetime.datetime(2026, 3, 22, 22, 0))], datetime.datetime(2026, 3, 23, 0, 0): [(datetime.datetime(2026, 3, 23, 11, 30), datetime.datetime(2026, 3, 23, 15, 0)), (datetime.datetime(2026, 3, 23, 16, 30), datetime.datetime(2026, 3, 23, 22, 0))], datetime.datetime(2026, 3, 24, 0, 0): [(datetime.datetime(2026, 3, 24, 11, 30), datetime.datetime(2026, 3, 24, 15, 0)), (datetime.datetime(2026, 3, 24, 16, 30), datetime.datetime(2026, 3, 24, 22, 0))], datetime.datetime(2026, 3, 25, 0, 0): [(datetime.datetime(2026, 3, 25, 11, 30), datetime.datetime(2026, 3, 25, 15, 0)), (datetime.datetime(2026, 3, 25, 16, 30), datetime.datetime(2026, 3, 25, 22, 0))], datetime.datetime(2026, 3, 19, 0, 0): [(datetime.datetime(2026, 3, 19, 11, 30), datetime.datetime(2026, 3, 19, 15, 0)), (datetime.datetime(2026, 3, 19, 16, 30), datetime.datetime(2026, 3, 19, 22, 0))], datetime.datetime(2026, 3, 20, 0, 0): [(datetime.datetime(2026, 3, 20, 11, 30), datetime.datetime(2026, 3, 20, 15, 0)), (datetime.datetime(2026, 3, 20, 16, 30), datetime.datetime(2026, 3, 20, 22, 0))], datetime.datetime(2026, 3, 21, 0, 0): [(datetime.datetime(2026, 3, 21, 11, 30), datetime.datetime(2026, 3, 21, 15, 0)), (datetime.datetime(2026, 3, 21, 16, 30), datetime.datetime(2026, 3, 21, 22, 0))]}"
34,The Chips 信義店,"{datetime.datetime(2026, 3, 22, 0, 0): [(datetime.datetime(2026, 3, 22, 11, 0), datetime.datetime(2026, 3, 22, 22, 0))], datetime.datetime(2026, 3, 23, 0, 0): [(datetime.datetime(2026, 3, 23, 11, 0), datetime.datetime(2026, 3, 23, 22, 0))], datetime.datetime(2026, 3, 24, 0, 0): [(datetime.datetime(2026, 3, 24, 11, 0), datetime.datetime(2026, 3, 24, 22, 0))], datetime.datetime(2026, 3, 25, 0, 0): [(datetime.datetime(2026, 3, 25, 11, 0), datetime.datetime(2026, 3, 25, 22, 0))], datetime.datetime(2026, 3, 19, 0, 0): [(datetime.datetime(2026, 3, 19, 11, 0), datetime.datetime(2026, 3, 19, 22, 0))], datetime.datetime(2026, 3, 20, 0, 0): [(datetime.datetime(2026, 3, 20, 11, 0), datetime.datetime(2026, 3, 20, 23, 0))], datetime.datetime(2026, 3, 21, 0, 0): [(datetime.datetime(2026, 3, 21, 11, 0), datetime.datetime(2026, 3, 21, 23, 0))]}"
35,南村小吃店,"{datetime.datetime(2026, 3, 23, 0, 0): [(datetime.datetime(2026, 3, 23, 11, 0), datetime.datetime(2026, 3, 23, 14, 30)), (datetime.datetime(2026, 3, 23, 17, 0), datetime.datetime(2026, 3, 23, 21, 0))], datetime.datetime(2026, 3, 24, 0, 0): [(datetime.datetime(2026, 3, 24, 11, 0), datetime.datetime(2026, 3, 24, 14, 30)), (datetime.datetime(2026, 3, 24, 17, 0), datetime.datetime(2026, 3, 24, 21, 0))], datetime.datetime(2026, 3, 25, 0, 0): [(datetime.datetime(2026, 3, 25, 11, 0), datetime.datetime(2026, 3, 25, 14, 30)), (datetime.datetime(2026, 3, 25, 17, 0), datetime.datetime(2026, 3, 25, 21, 0))], datetime.datetime(2026, 3, 19, 0, 0): [(datetime.datetime(2026, 3, 19, 11, 0), datetime.datetime(2026, 3, 19, 14, 30)), (datetime.datetime(2026, 3, 19, 17, 0), datetime.datetime(2026, 3, 19, 21, 0))], datetime.datetime(2026, 3, 20, 0, 0): [(datetime.datetime(2026, 3, 20, 11, 0), datetime.datetime(2026, 3, 20, 14, 30)), (datetime.datetime(2026, 3, 20, 17, 0), datetime.datetime(2026, 3, 20, 21, 0))], datetime.datetime(2026, 3, 21, 0, 0): [(datetime.datetime(2026, 3, 21, 11, 0), datetime.datetime(2026, 3, 21, 14, 30)), (datetime.datetime(2026, 3, 21, 17, 0), datetime.datetime(2026, 3, 21, 21, 0))]}"
